{
  "schema": "v1",
  "enabled": true,
  "name": "Luminary",
  "anchor": {
    "Screen": "BottomCenter"
  },
  "pos": [
    0.0,
    0.0
  ],
  "opacity": 1.0,
  "trigger": {
    "source": "Inherit",
    "threshold": {
      "threshold_type": "Always",
      "amount_type": "Intensity"
    }
  },
  "filter": {
    "player": {
      "combat": null,
      "specs": [
        "Luminary"
      ],
      "weapons": [],
      "traits": [],
      "mounts": [
        "None"
      ]
    },
    "map": {
      "category": [],
      "whitelist": true,
      "ids": []
    }
  },
  "animation": null,
  "layer": 0,
  "elements": [
    {
      "enabled": false,
      "name": "Light Aura",
      "anchor": "Parent",
      "pos": [
        -130.0,
        -115.0
      ],
      "opacity": 1.0,
      "trigger": {
        "source": "Inherit",
        "threshold": {
          "threshold_type": "Always",
          "amount_type": "Intensity"
        }
      },
      "filter": {
        "player": {
          "combat": null,
          "specs": [],
          "weapons": [],
          "traits": [
            {
              "id": 2328,
              "present": true
            }
          ],
          "mounts": []
        },
        "map": {
          "category": [],
          "whitelist": true,
          "ids": []
        }
      },
      "animation": null,
      "type": "IconList",
      "layout": "Dynamic",
      "direction": "Right",
      "size": [
        40.0,
        40.0
      ],
      "pad": 2.0,
      "icons": [
        {
          "enabled": true,
          "name": "ON",
          "trigger": {
            "source": {
              "Buff": [
                25518
              ]
            },
            "threshold": {
              "threshold_type": "Present",
              "amount_type": "Intensity"
            }
          },
          "filter": {
            "player": {
              "combat": null,
              "specs": [],
              "weapons": [],
              "traits": [],
              "mounts": []
            },
            "map": {
              "category": [],
              "whitelist": true,
              "ids": []
            }
          },
          "icon": {
            "File": "Luminary\\Filled.png"
          },
          "tint": [
            1.0,
            1.0,
            1.0,
            1.0
          ],
          "zoom": 1.0,
          "round": 0.0,
          "border_size": 0.0,
          "border_color": [
            0.0,
            0.0,
            0.0,
            1.0
          ],
          "conditions": [],
          "duration_bar": false,
          "duration_text": false,
          "stacks_text": false
        },
        {
          "enabled": true,
          "name": "OFF",
          "trigger": {
            "source": {
              "Buff": [
                25518
              ]
            },
            "threshold": {
              "threshold_type": "Missing",
              "amount_type": "Intensity"
            }
          },
          "filter": {
            "player": {
              "combat": null,
              "specs": [],
              "weapons": [],
              "traits": [],
              "mounts": []
            },
            "map": {
              "category": [],
              "whitelist": true,
              "ids": []
            }
          },
          "icon": {
            "File": "Luminary\\Empty.png"
          },
          "tint": [
            1.0,
            1.0,
            1.0,
            1.0
          ],
          "zoom": 1.0,
          "round": 0.0,
          "border_size": 0.0,
          "border_color": [
            0.0,
            0.0,
            0.0,
            1.0
          ],
          "conditions": [],
          "duration_bar": false,
          "duration_text": false,
          "stacks_text": false
        }
      ]
    },
    {
      "enabled": true,
      "name": "Light Aura Round",
      "anchor": "Parent",
      "pos": [
        -130.0,
        -115.0
      ],
      "opacity": 1.0,
      "trigger": {
        "source": "Inherit",
        "threshold": {
          "threshold_type": "Always",
          "amount_type": "Intensity"
        }
      },
      "filter": {
        "player": {
          "combat": null,
          "specs": [],
          "weapons": [],
          "traits": [
            {
              "id": 2328,
              "present": true
            }
          ],
          "mounts": []
        },
        "map": {
          "category": [],
          "whitelist": true,
          "ids": []
        }
      },
      "animation": null,
      "type": "IconList",
      "layout": "Dynamic",
      "direction": "Right",
      "size": [
        40.0,
        40.0
      ],
      "pad": 2.0,
      "icons": [
        {
          "enabled": true,
          "name": "ON",
          "trigger": {
            "source": {
              "Buff": [
                25518
              ]
            },
            "threshold": {
              "threshold_type": "Present",
              "amount_type": "Intensity"
            }
          },
          "filter": {
            "player": {
              "combat": null,
              "specs": [],
              "weapons": [],
              "traits": [],
              "mounts": []
            },
            "map": {
              "category": [],
              "whitelist": true,
              "ids": []
            }
          },
          "icon": {
            "File": "Luminary\\FilledRound.png"
          },
          "tint": [
            1.0,
            1.0,
            1.0,
            1.0
          ],
          "zoom": 1.0,
          "round": 0.0,
          "border_size": 0.0,
          "border_color": [
            0.0,
            0.0,
            0.0,
            1.0
          ],
          "conditions": [],
          "duration_bar": false,
          "duration_text": false,
          "stacks_text": false
        },
        {
          "enabled": true,
          "name": "OFF",
          "trigger": {
            "source": {
              "Buff": [
                25518
              ]
            },
            "threshold": {
              "threshold_type": "Missing",
              "amount_type": "Intensity"
            }
          },
          "filter": {
            "player": {
              "combat": null,
              "specs": [],
              "weapons": [],
              "traits": [],
              "mounts": []
            },
            "map": {
              "category": [],
              "whitelist": true,
              "ids": []
            }
          },
          "icon": {
            "File": "Luminary\\EmptyRound.png"
          },
          "tint": [
            1.0,
            1.0,
            1.0,
            1.0
          ],
          "zoom": 1.0,
          "round": 0.0,
          "border_size": 0.0,
          "border_color": [
            0.0,
            0.0,
            0.0,
            1.0
          ],
          "conditions": [],
          "duration_bar": false,
          "duration_text": false,
          "stacks_text": false
        }
      ]
    },
    {
      "enabled": false,
      "name": "Luminary's Blessing",
      "anchor": "Parent",
      "pos": [
        -171.0,
        -161.0
      ],
      "opacity": 1.0,
      "trigger": {
        "source": "Inherit",
        "threshold": {
          "threshold_type": "Always",
          "amount_type": "Intensity"
        }
      },
      "filter": {
        "player": {
          "combat": null,
          "specs": [],
          "weapons": [],
          "traits": [
            {
              "id": 2328,
              "present": true
            }
          ],
          "mounts": []
        },
        "map": {
          "category": [],
          "whitelist": true,
          "ids": []
        }
      },
      "animation": null,
      "type": "IconList",
      "layout": "Dynamic",
      "direction": "Right",
      "size": [
        32.0,
        32.0
      ],
      "pad": 2.0,
      "icons": [
        {
          "enabled": true,
          "name": "ON",
          "trigger": {
            "source": {
              "Buff": [
                77333
              ]
            },
            "threshold": {
              "threshold_type": "Present",
              "amount_type": "Intensity"
            }
          },
          "filter": {
            "player": {
              "combat": null,
              "specs": [],
              "weapons": [],
              "traits": [],
              "mounts": []
            },
            "map": {
              "category": [],
              "whitelist": true,
              "ids": []
            }
          },
          "icon": {
            "File": "Luminary\\Light's_Gift.png"
          },
          "tint": [
            1.0,
            1.0,
            1.0,
            1.0
          ],
          "zoom": 1.0,
          "round": 0.0,
          "border_size": 0.0,
          "border_color": [
            0.0,
            0.0,
            0.0,
            1.0
          ],
          "conditions": [],
          "duration_bar": false,
          "duration_text": false,
          "stacks_text": false
        },
        {
          "enabled": true,
          "name": "OFF",
          "trigger": {
            "source": {
              "Buff": [
                77333
              ]
            },
            "threshold": {
              "threshold_type": "Missing",
              "amount_type": "Intensity"
            }
          },
          "filter": {
            "player": {
              "combat": null,
              "specs": [],
              "weapons": [],
              "traits": [],
              "mounts": []
            },
            "map": {
              "category": [],
              "whitelist": true,
              "ids": []
            }
          },
          "icon": {
            "File": "Luminary\\Light's_Gift.png"
          },
          "tint": [
            0.1980676,
            0.19806562,
            0.19806562,
            1.0
          ],
          "zoom": 1.0,
          "round": 0.0,
          "border_size": 0.0,
          "border_color": [
            0.0,
            0.0,
            0.0,
            1.0
          ],
          "conditions": [],
          "duration_bar": false,
          "duration_text": false,
          "stacks_text": false
        }
      ]
    }
  ]
}